{"cameraMode":{"drawMode":0,"name":"Shaded","section":"Shading Mode"},"sceneLighting":true,"audioPlay":false,"sceneViewState":{"showFog":true,"showMaterialUpdate":false,"showSkybox":true,"showFlares":true,"showImageEffects":true,"showParticleSystems":true},"in2DMode":false,"pivot":{"x":455.5440368652344,"y":353.90380859375,"z":-552.0339965820313},"rotation":{"x":0.03748924285173416,"y":-0.025214966386556627,"z":0.000943765218835324,"w":0.9989882707595825},"size":38.44365310668945,"orthographic":false}