{"cameraMode":{"drawMode":0,"name":"Shaded","section":"Shading Mode"},"sceneLighting":false,"audioPlay":false,"sceneViewState":{"showFog":true,"showMaterialUpdate":false,"showSkybox":false,"showFlares":true,"showImageEffects":true,"showParticleSystems":true},"in2DMode":false,"pivot":{"x":8.940696716308594e-8,"y":0.0,"z":5.960464477539063e-8},"rotation":{"x":-0.034950513392686847,"y":0.6291924715042114,"z":-0.028337042778730394,"w":-0.7759572267532349},"size":0.4676062762737274,"orthographic":false}