{"cameraMode":{"drawMode":0,"name":"Shaded","section":"Shading Mode"},"sceneLighting":false,"audioPlay":false,"sceneViewState":{"showFog":true,"showMaterialUpdate":false,"showSkybox":false,"showFlares":true,"showImageEffects":true,"showParticleSystems":true},"in2DMode":false,"pivot":{"x":-10.52868366241455,"y":-0.18979033827781678,"z":19.666866302490236},"rotation":{"x":-0.1336788684129715,"y":0.01723380759358406,"z":-0.0023224405013024809,"w":-0.9908862113952637},"size":4.0352559089660648,"orthographic":false}