{"cameraMode":{"drawMode":0,"name":"Shaded","section":"Shading Mode"},"sceneLighting":true,"audioPlay":false,"sceneViewState":{"showFog":true,"showMaterialUpdate":false,"showSkybox":true,"showFlares":true,"showImageEffects":true,"showParticleSystems":true},"in2DMode":false,"pivot":{"x":1.500868797302246,"y":28.656726837158204,"z":-11.47447681427002},"rotation":{"x":-0.47370901703834536,"y":0.0034414860419929029,"z":-0.0018510239897295833,"w":-0.8806753754615784},"size":10.0,"orthographic":false}