{"cameraMode":{"drawMode":0,"name":"Shaded","section":"Shading Mode"},"sceneLighting":false,"audioPlay":false,"sceneViewState":{"showFog":true,"showMaterialUpdate":false,"showSkybox":false,"showFlares":true,"showImageEffects":true,"showParticleSystems":true},"in2DMode":false,"pivot":{"x":91.64620971679688,"y":-0.41044479608535769,"z":1.4490755796432496},"rotation":{"x":-0.018169613555073739,"y":-0.7013399004936218,"z":0.01788809709250927,"w":-0.7123741507530212},"size":41.64310073852539,"orthographic":false}