{"cameraMode":{"drawMode":0,"name":"Shaded","section":"Shading Mode"},"sceneLighting":false,"audioPlay":false,"sceneViewState":{"showFog":true,"showMaterialUpdate":false,"showSkybox":false,"showFlares":true,"showImageEffects":true,"showParticleSystems":true},"in2DMode":false,"pivot":{"x":9.123004913330079,"y":3.110414981842041,"z":16.518930435180665},"rotation":{"x":0.07328662276268006,"y":-0.06308848410844803,"z":0.004646742716431618,"w":0.9953210353851318},"size":3.403449535369873,"orthographic":false}