{"cameraMode":{"drawMode":0,"name":"Shaded","section":"Shading Mode"},"sceneLighting":true,"audioPlay":false,"sceneViewState":{"showFog":true,"showMaterialUpdate":false,"showSkybox":true,"showFlares":true,"showImageEffects":true,"showParticleSystems":true},"in2DMode":false,"pivot":{"x":8.72421932220459,"y":8.967228889465332,"z":-24.235340118408204},"rotation":{"x":-0.016209667548537256,"y":-0.0033200716134160759,"z":0.0000730293249944225,"w":-0.9998913407325745},"size":0.4678359627723694,"orthographic":false}