{"cameraMode":{"drawMode":0,"name":"Shaded","section":"Shading Mode"},"sceneLighting":false,"audioPlay":false,"sceneViewState":{"showFog":true,"showMaterialUpdate":false,"showSkybox":false,"showFlares":true,"showImageEffects":true,"showParticleSystems":true},"in2DMode":false,"pivot":{"x":8.390000343322754,"y":1.0604960918426514,"z":0.0},"rotation":{"x":0.0021088230423629286,"y":0.023709123954176904,"z":-0.00007948485290398821,"w":0.9997279047966003},"size":1.9549648761749268,"orthographic":false}