{"cameraMode":{"drawMode":0,"name":"Shaded","section":"Shading Mode"},"sceneLighting":false,"audioPlay":false,"sceneViewState":{"showFog":true,"showMaterialUpdate":false,"showSkybox":false,"showFlares":true,"showImageEffects":true,"showParticleSystems":true},"in2DMode":false,"pivot":{"x":-1.6004300117492676,"y":0.8171722888946533,"z":-0.11596059799194336},"rotation":{"x":-0.11229795962572098,"y":0.06909875571727753,"z":-0.007828357629477978,"w":-0.991237998008728},"size":3.3681933879852297,"orthographic":false}