{"cameraMode":{"drawMode":0,"name":"Shaded","section":"Shading Mode"},"sceneLighting":true,"audioPlay":false,"sceneViewState":{"showFog":true,"showMaterialUpdate":false,"showSkybox":true,"showFlares":true,"showImageEffects":true,"showParticleSystems":true},"in2DMode":false,"pivot":{"x":110.64985656738281,"y":49.587799072265628,"z":244.43490600585938},"rotation":{"x":0.049333903938531879,"y":-0.7230587601661682,"z":0.051959093660116199,"w":0.687099277973175},"size":8.878267288208008,"orthographic":false}