{"cameraMode":{"drawMode":0,"name":"Shaded","section":"Shading Mode"},"sceneLighting":true,"audioPlay":false,"sceneViewState":{"showFog":true,"showMaterialUpdate":false,"showSkybox":true,"showFlares":true,"showImageEffects":true,"showParticleSystems":true},"in2DMode":false,"pivot":{"x":-6.540031909942627,"y":-7.8096842765808109,"z":8.820956230163575},"rotation":{"x":0.2565533518791199,"y":-0.2805509865283966,"z":0.07809831202030182,"w":0.9216152429580689},"size":11.4339599609375,"orthographic":false}